{"train": {"loss": 1.7991342544555664, "accuracy": 0.13790639514112182, "precision": 0.03162648730592615, "recall": 0.13790639514112182, "f1": 0.05138211433103927}, "val": {"loss": 1.7980905771255493, "accuracy": 0.15333333333333332, "precision": 0.038315987933635, "recall": 0.15333333333333332, "f1": 0.061272948137698624}, "_timestamp": 1721195358.251453, "_runtime": 3.3080239295959473, "_step": 2, "_wandb": {"runtime": 3}}